{"cameraMode":{"drawMode":0,"name":"Shaded","section":"Shading Mode"},"sceneLighting":false,"audioPlay":false,"sceneViewState":{"showFog":true,"showMaterialUpdate":false,"showSkybox":false,"showFlares":true,"showImageEffects":true,"showParticleSystems":true},"in2DMode":false,"pivot":{"x":0.3506796360015869,"y":0.13501060009002686,"z":-4.540974140167236},"rotation":{"x":-0.01296456903219223,"y":0.9853765368461609,"z":-0.08774202316999436,"w":-0.14560002088546754},"size":15.464231491088868,"orthographic":false}